first,last,group_name
AAZHANG,BEHNAAM,1
ABBOTT,L. F.,2
ABBOTT,L.F.,2
ABDALLAH,C.T.,3
ABRAMOWICZ,HALINA,4
ABRASH,VICTOR,5
ABU-MOSTAFA,Y.,6
ABU-MOSTAFA,YASER,6
ABU-MOSTAFA,YASER S.,6
ACKLEY,DAVID H.,7
ADAMS,NICHOLAS J.,8
ADLER,ROBERT J.,9
ADORJAN,PETER,10
AERTSEN,AD,11
AFGHAN,A.,12
AGIN,PATRICK,13
AHALT,S.C.,14
AHMAD,SUBUTAI,15
AHUJA,NARENDRA,16
AKERS,L.A.,17
AL-ANSARI,MOHAMMAD A.,18
ALBRIGHT,T. D.,19
ALEXANDER,JAY,20
ALKON,DANIEL L.,21
ALLEN,ROBERT,22
ALLEN,ROBERT B.,22
ALLEN,T.P.,22
ALLEY,R.K.,23
ALLINSON,NIGEL M.,24
ALLMAN,JOHN,25
ALPAYDIN,E.,26
ALSPECTOR,J.,27
ALSPECTOR,JOSHUA,27
ALVELDA,PHILLIP,28
AMARI,S.,29
AMARI,SHUN-ICHI,29
AMBROS-INGERSON,JOSE,30
ANANDAN,P.,31
ANASTASIO,THOMAS,32
ANASTASIO,THOMAS J.,32
ANDERSEN,RICHARD A.,33
ANDERSON,BROOKE,34
ANDERSON,CHARLES W.,34
ANDERSON,DANA Z.,34
ANDERSON,JANEEN,34
ANDO,HIROSHI,35
ANDRE,DAVID,36
ANDREOU,ANDREAS G.,37
ANDRIEU,CHRISTOPHE,38
ANGELINE,PETER J.,39
ANNASWAMY,A.M.,40
APSEL,ALYSSA,41
ARCHIE,KEVIN A.,42
ARETHOR,FRANKLIN R.,43
ARIMOTO,SUGURU,44
ASANOVIC,K.,45
ASOGAWA,MINORU,46
ASSAD,CHRISTOPHER,47
ATIYA,AMIR,48
ATIYA,AMIR F.,48
ATKESON,C.C.,49
ATKESON,CHRISTOPHER,49
ATKESON,CHRISTOPHER G.,49
ATLAN,HENRI,50
ATLAS,LES,51
ATLAS,LES E.,51
ATTIAS,H.,52
ATTIAS,HAGAI,52
AUER,P.,53
AUSTIN,JIM,54
BACHRACH,JONATHAN,55
BACK,A.D.,56
BACK,ANDREW,56
BADRAN,FOUAD,57
BAIN,JOHN,58
BAIR,W.,59
BAIR,WYETH,59
BAIRD,BILL,60
BAIRD,H.S.,60
BAIRD,LEEMON,60
BAIRD,LEEMON C.,60
BAKKER,REMBRANDT,61
BALDI,P.,62
BALDI,PIERRE,62
BALLARD,D.H.,63
BALLARD,DANA H.,63
BALUJA,S.,64
BALUJA,SHUMEET,64
BAND,PIERRE,65
BANIK,JASHOJIBAN,66
BARADUC,PIERRE,67
BARAM,YORAM,68
BARAS,JOHN,69
BARBER,DAVID,70
BARHEN,J.,71
BARHEN,JACOB,71
BARKAI,N.,72
BARNARD,ETIENNE,73
BARR,ALAN,74
BARR,ALAN H.,74
BARRON,ANDREW R.,75
BARTELS,ANDREAS M.,76
BARTLETT,M.S.,77
BARTLETT,MARIAN S.,77
BARTLETT,MARIAN STEWART,77
BARTLETT,P.L.,77
BARTLETT,PETER,77
BARTLETT,PETER L.,77
BARTO,A.G.,78
BARTO,ANDREW G.,78
BASRI,RONEN,79
BAUER,H.U.,80
BAUER,HANS ULRICH,80
BAUM,ERIC,81
BAUM,ERIC B.,81
BAUMGARDT,DOUGLAS,82
BAVELIER,DAPHNE,83
BAXTER,DONALD J.,84
BAXTER,J.,84
BAXTER,JONATHAN,84
BAXTER,WILLIAM,84
BAYLISS,JESSICA D.,85
BEAL,MATTHEW J.,86
BECK,J.,87
BECK,JAMES,87
BECKER,SUZANNA,88
BECKMAN,PAUL,89
BECKMANN,C.F.,90
BEER,R.D.,91
BEER,RANDALL D.,91
BEHRMAN,ELIZABETH C.,92
BEHRMANN,MARLENE,93
BELEW,RICHARD K.,94
BELL,A.J.,95
BELL,ANTHONY,95
BELL,ANTHONY J.,95
BEN,JAN,96
BEN-HUT,ASA,97
BENGIO,SAMY,98
BENGIO,Y.,98
BENGIO,YOSHUA,98
BENKERT,CLAUS,99
BENNETT,KRISTIN,100
BENSON,RONALD G.,101
BERGEN,JIM,102
BERNANDER,OJVIND,103
BERNASCONI,J.,104
BERNASCONI,JAKOB,104
BERNIER,OLIVIER,105
BERRY,MICHAEL J.,106
BERSINI,HUGUES,107
BERT,JOEL,108
BERTHIER,N.E.,109
BERTHOLD,MICHAEL R.,110
BERTONI,ALBERTO,111
BERTSEKAS,DIMITRI,112
BFILTHOFF,HEINRICH H.,113
BHALLA,UPINDER S.,114
BHUSHAN,NIKHIL,115
BIALEK,W.,116
BIALEK,WILHAM,116
BIALEK,WILLIAM,116
BIENENSTOCK,ELIE,117
BILBRO,GRIFF,118
BILMES,JEFF,119
BIRATTARI,MAURO,120
BISCHOF,HORST,121
BISHOP,C.M.,122
BISHOP,CHRIS M.,122
BISHOP,CHRISTOPHER M.,122
BISIO,GIACOMO M.,123
BISOFBERGER,BROOKS,124
BISSET,DAVID L.,125
BISWAS,SANJAY,126
BLACKMAN,DAVID,127
BLAIR,ALAN,128
BLAIR,ALAN D.,128
BLAIR,H.T.,128
BLAIS,BRIAN S.,129
BLAKE,A.,130
BLAKE,ANDREW,130
BLANZ,W.E.,131
BLASDEL,G.G.,132
BLASDEL,GARY G.,132
BLASIG,REINHARD,133
BLATT,M.,134
BLAUM,MARIO,135
BLOESCH,ANTHONY,136
BLUM,AVRIM,137
BLUM,EDWARD K.,137
BMSKE,JORG,138
BOAHEN,K.,139
BOAHEN,KWABENA A.,139
BOCCHIERI,ENRICO,140
BODENHAUSEN,ULRICH,141
BOE,GENE,142
BOES,S.,143
BOHOSSIAN,V.,144
BOHOSSIAN,VASKEN,144
BOHR,HENRIK,145
BOHR,JAKOB,145
BOLLMANN-SDORRA,PETER,146
BOLOURI,H.,147
BONDS,A.B.,148
BONE,DON,149
BONNLANDER,BRIAN V.,150
BONTEMPI,GIANLUCA,151
BOONYANIT,KAN,152
BORG-GRAHAM,LYLE J.,153
BORGER,JULIA,154
BORISYUK,G.N.,155
BORISYUK,R.M.,155
BOS,SIEGFRIED,156
BOSER,B.,157
BOSER,BERNHARD E.,157
BOSTOCK,RICHARD T. J.,158
BOTELHO,F.,159
BOTELHO,FERNANDA,159
BOTROS,SHERIF,160
BOTTOU,L.,161
BOTTOU,LEON,161
BOURGINE,PAUL,162
BOURLARD,H.,163
BOURLARD,HERVD,163
BOURLARD,HERVE,163
BOUSSARD,ERIC,164
BOWER,JAMES,165
BOWER,JAMES M.,165
BOWMAN,CHRISTOPHER,166
BOX,BRIAN,167
BOYAN,JUSTIN,168
BOYAN,JUSTIN A.,168
BOYEN,XAVIER,169
BOYLE,MARY E. T.,170
BRABANT,GEORG,171
BRADLEY,P.S.,172
BRADSHAW,GARY,173
BRADTKE,STEVEN,174
BRADTKE,STEVEN J.,174
BRADY,DAVID,175
BRAITENBERG,VALENTINO,176
BRAND,MATTHEW,177
BRANDEIS,D.,178
BRASHERS-KRUG,TOM,179
BRAUER,WILFRIED,180
BRAUN,JOCHEN,181
BRAVER,TODD S.,182
BREGLER,CHRISTOPH,183
BREGLER,CRISTOPH,183
BRETTLE,DEAN,184
BRICOLO,EMANUELA,185
BRIDLE,JOHN,186
BRIDLE,JOHN S.,186
BRIEGEL,THOMAS,187
BRIGHTWELL,G.,188
BRODLEY,CARLA,189
BRODY,CARLOS,190
BRODY,CARLOS D.,190
BROMLEY,JANE,191
BROWN,ANDREW D.,192
BROWN,EDGAR A.,192
BROWN,GUY J.,192
BROWN,LYNDON J.,192
BROWN,NATHAN H.,192
BROWN,THOMAS,192
BROWN,THOMAS H.,192
BROWN,TIMOTHY X.,192
BROWNLOW,MICHAEL,193
BRUCK,J.,194
BRUCK,JEHOSHUA,194
BRUNAK,SOREN,195
BTILTHOFF,HEINRICH H.,196
BUCHANAN,JAMES T.,197
BUCKINGHAM,J.T.,198
BUCKLAND,KENNETH M.,199
BUHMANN,JOACHIM,200
BUHMANN,JOACHIM M.,200
BULSARA,A.R.,201
BURACAS,G. T.,202
BURGER,MATTHIAS,203
BURGES,CHRIS J.C.,204
BURGES,CHRISTOPHER J.C.,204
BURGESS,A. NELL,205
BURGESS,NEIL,205
BURKE,HARRY,206
BURL,MICHAEL,207
BURNOD,YVES,208
BURR,DAVID J.,209
BURR,JAMES B.,209
BUSEY,THOMAS A.,210
BUTLER,ZOE F.,211
CACCIATORE,TIMOTHY W.,212
CAI,DONGHUI,213
CALABRESE,RONALD L.,214
CALLAN,JAMES P.,215
CAMANA,RICH,216
CAMEVALE,NICHOLAS,217
CAMPADELLI,PAOLA,218
CAMPBELL,COLIN,219
CAMPBELL,P.,219
CANU,STEPHANE,220
CAPRILE,BRUNO,221
CARDIN,REGIS,222
CARLEY,L. RICHARD,223
CARLILE,SIMON,224
CARREIRA-PERPINAN,MIGUEL A.,225
CARTER,MICHAEL J.,226
CARUANA,R.,227
CARUANA,RICH,227
CASTAFIO,REBECCA,228
CATALTEPE,ZEHRA,229
CAUWENBERGHS,G.,230
CAUWENBERGHS,GERT,230
CAVANAUGH,JAMES R.,231
CAVAZOS,JOHN,232
CBOE,Y.,233
CECI,LOUIS,234
CEKIC,M.,235
CESSAC,BRUNO,236
CHANCE,FRANCES S.,237
CHANG,ERIC,238
CHANG,ERIC I.,238
CHAPELLE,OLIVIER,239
CHAPMAN,DAVID,240
CHATTERJEE,CHANTHAL,241
CHAU,PAUL M.,242
CHAUVIN,YVES,243
CHECHIK,GAL,244
CHELLAPPA,RAMA,245
CHEMJAVSKY,ALEX,246
CHEN,D.,247
CHEN,H. H.,247
CHEN,H.H.,247
CHEN,HSING-HEN,247
CHEN,KE,247
CHENG,ROGER,248
CHERKASSKY,VLADIMIR,249
CHERKAUER,K.J.,250
CHEUNG,JOHN Y.,251
CHI,Z.,252
CHIANG,ALICE,253
CHIANG,ALICE M.,253
CHIANG,WAN-PING,253
CHIANG,YU-MING,253
CHIEL,HI.,254
CHIEL,HILLEL J.,254
CHIU,TIMOTHY,255
CHIUEH,TZI-DAR,256
CHIUEH,TZIODAR,256
CHKLOVSKII,DMITRI B.,257
CHO,JUNG-WOOK,258
CHOI,S.P.M.,259
CHOI,SAMUEL P.M.,259
CHOU,P.A.,260
CHOUKRI,KHALID,261
CHOVER,JOSHUA,262
CHRISTIAN,JIM,263
CHRISTIANSON,G. BJORN,264
CHRISTY,PAUL,265
CHU,PO HSIANG,266
CHU,R.,266
CHUANG,MICHAEL,267
CHUANG,MICHAEL L.,267
CHULAEVSKY,V.A.,268
CHURCHER,S.,269
CHURCHER,STEPHEN,269
CICHOCKI,A.,270
CICHOCKI,ANDRZEJ,270
CLAIBORNE,BRENDA,271
CLAIBORNE,BRENDA J.,271
CLARE,THOMAS,272
CLEEREMANS,AXEL,273
CLOUSE,DANIEL S.,274
CMZ-CABRARA,ALVARO A.,275
COELHO,J.A.,276
COENEN,O.J.M.,277
COENEN,OLIVIER,277
COETZEE,FRANS M.,278
COGGINS,RICHARD,279
COGGINS,RICHARD J.,279
COHEN,EYAL,280
COHEN,JONATHAN D.,280
COHEN,MARC H.,280
COHEN,MICHAEL,280
COHEN,WILLIAM W.,280
COHN,DAVID,281
COHN,DAVID A.,281
COLE,CLINT S.,282
COLE,RONALD,282
COLE,RONALD A.,282
COLLARD,JOSEPH,283
CONES,C.,284
CONNOLLY,CHRISTOPHER,285
CONNOR,JEROME,286
COOK,GARY,287
COOLEN,A. C. C.,288
COOLEN,A.C.C.,288
COON,D.D.,289
COOPER,GREGORY E,290
COOPER,LEON N.,290
COOPER,PAUL R.,290
COPPENS,MARC-OLIVIER,291
CORDEROY,ANNA,292
CORNFORD,DAN,293
CORTES,CORINNA,294
COSATTO,ERIC,295
COSI,PIERO,296
COTTERILL,RODNEY,297
COTTRELL,GARRISON,298
COTTRELL,GARRISON W.,298
COTTRELL,GARRISONW.,298
COUGHLAN,JAMES M.,299
COURCHESNE,ERIC,300
COWAN,J.D.,301
COWAN,JACK D.,301
COWEN,J.D.,302
COX,STEPHEN,303
CRAIR,MICHAEL C.,304
CRAVEN,M.W.,305
CREPON,MICHEL,306
CRISP,DAVID J.,307
CRISTIANINI,NELLO,308
CRITES,R.H.,309
CRITES,ROBERT,309
CROSS,ANDREW D.J.,310
CSATO,LEHEL,311
CTTIEN,STEVE,312
CUMMINGS,KEVIN,313
CUN,YANN LE,314
CUNNINGHAM,ROBERT,315
CYMBALYUK,GENNADY S.,316
DAILEY,MATTHEW N.,317
DALE,M.,318
DAO,JOSEPH,319
DARKEN,C.,320
DARKEN,CHRISTIAN,320
DARLING,ROBERT B.,321
DARRELL,T.,322
DARRELL,TREVOR,322
DARRELL,TREVOR J.,322
DAS,SREERUPA,323
DASGUPTA,B.,324
DASGUPTA,BHASKAR,324
DAVIDOWITZ,HANAN,325
DAVIES,SCOTT,326
DAVIS,LAWRENCE,327
DAYAN,P.,328
DAYAN,PETER,328
DE-BONET,JEREMY S.,329
DE-FREITAS,JOAO F.G.,330
DE-FREITAS,JOFIO F.G.,330
DE-GERLACHE,MARTINE,331
DE-MORI,RENATO,332
DE-OLIVEIRA,PEDRO GUEDES,333
DE-RUYTER-VAN-STEVENINCK,R. R.,334
DE-RUYTER-VAN-STEVENINCK,ROB,334
DE-SA,VIRGINIA R.,335
DE-VRIES,BERT,336
DEAN,PAUL,337
DECHARMS,R. CHRISTOPHER,338
DECO,GUSTAVO,339
DEFFAYET,CEDRIC,340
DELBRUCK,T.,341
DELBRUCK,TOBI,341
DEMBO,A.,342
DEMBO,AMIR,342
DEMERS,DAVID,343
DEMIRIZ,AYHAN,344
DENEVE,SOPHIE,345
DENHAM,M.J.,346
DENKER,J.S.,347
DENKER,JOHN,347
DENKER,JOHN S.,347
DENNIS,SIMON,348
DEPPISCH,J.,349
DERTHICK,MARK,350
DEWEERTH,STEPHEN P.,351
DEWEESE,M.,352
DHAWAN,ATAM P.,353
DIAMANTARAS,K. I.,354
DIAMOND,JAY,355
DICKINSON,BRADLEY W.,356
DIETTERICH,T.G.,357
DIETTERICH,THOMAS,357
DIETTERICH,THOMAS G.,357
DIKAIAKOS,M.,358
DIMITROV,ALEXANDER,359
DIORIO,CHRIS,360
DIXON,L.C.,361
DMCKER,HARRIS,362
DODIER,R.,363
DODIER,ROBERT H.,363
DOM,BYRON,364
DOMANY,E.,365
DOMANY,EYTAN,365
DONATO,GIANLUCA,366
DONG,DAWEI,367
DONG,DAWEI W.,367
DONHAM,CHRISTOPHER,368
DONNETT,JIM,369
DONOGHUE,JOHN P.,370
DORFFNER,GEORG,371
DORNAY,MENASHE,372
DOUCET,ARNAUD,373
DOUGLAS,RODNEY,374
DOUGLAS,RODNEY J.,374
DOUGLASS,JOHN K.,375
DOW,BRUCE,376
DOW,FXNST R.,376
DOWNS,OLIVER B.,377
DOWNS,T.,377
DOYA,K.,378
DOYA,KENJI,378
DOYLE,H.R.,379
DOYON,BERNARD,380
DREES,A.,381
DREYFUS,G.,382
DREYFUS,GERARD,382
DROR,GIDEON,383
DRUCKER,H.,384
DRUCKER,HARRIS,384
DRUZINSKY,ROBERT E.,385
DUDA,RICHARD O.,386
DUFF,MICHAEL,387
DUFF,MICHAEL O.,387
DUFFY,NIGEL,388
DUNMUR,A.P.,389
DUONG,T.,390
DURING,A.,391
DYER,MICHAEL G.,392
EATON,ROBERT C.,393
ECKMILLER,ROLF,394
EDELMAN,SHIMON,395
EDWARDS,PETER J.,396
EDWARDS,R. TIMOTHY,396
EDWARDS,R.T.,396
EDWARDS,THOMAS G.,396
EECKMAN,FRANK,397
EECKMAN,FRANK H.,397
EHMAN,RICHARD,398
EISENBERG,JOE,399
EKMAN,P.,400
EKMAN,PAUL,400
EL-SHARKAWI,MOHAMED,401
EL-YANIV,RAN,402
ELBAURN,CHARLES,403
ELFADEL,I. M.,404
ELISSEEFF,ANDRE,405
ELMAN,J.L.,406
ELMAN,JEFFREY L.,406
ELVGREN,GILLETTE,407
ENGLEBRECHT,JACOB,408
EREL,JACOB,409
ERLANSON,R.,410
ERLANSON,RUTH,410
ERSU,E.,411
ERWIN,E.,412
ESKANDAR,EMAD N.,413
ESSA,IRFAN,414
ETIENNE-CUMMINGS,R.,415
ETIENNE-CUMMINGS,RALPH,415
EURICH,CHRISTIAN W.,416
FAGGIN,FEDERICO,417
FAHLMAN,SCOTT,418
FAHLMAN,SCOTT E.,418
FAHNER,GERALD,419
FALLER,WILLIAM,420
FALLSIDE,F.,421
FANG,YAN,422
FANST,UDO,423
FANTY,MARK,424
FARAH,MARTHA,425
FARBER,ROBERT,426
FAROTIMI,O.,427
FARRELL,J. A.,428
FARRELL,KEVIN R.,428
FAYYAD,USAMA,429
FEFFERMAN,CHARLES,430
FELD,DAVID,431
FELS,S. SIDNEY,432
FENG,JIANFENG,433
FERAUD,RAPHAEL,434
FERGUSON,A.,435
FERNANDEZ,MANUEL F.,436
FERNI,H.,437
FERRA,H.L.,438
FERRA,HERMAN,438
FERRARI-TRECATE,GIANCARLO,439
FERREE,THOMAS C.,440
FETZ,E.E.,441
FETZ,EBERHARD E.,441
FEULNER,JOHANNES,442
FINCH,ANDREW M.,443
FINCH,S.,443
FINE,SHAI,444
FINE,TERRENCE,444
FINE,TERRENCE L.,444
FINKE,M.,445
FINKE,MICHAEL,445
FINKEL,LEIF H.,446
FINNOFF,WILLIAM,447
FISHER,JOHN W.,448
FISHER,STEPHEN A.,448
FLAKE,G.W.,449
FLAKE,GARY W.,449
FLAMMIA,GIOVANNI,450
FLANN,NICHOLAS S.,451
FLASH,T.,452
FLASH,TAMAR,452
FLAX,MARSHALL,453
FLEISCHER,KURT,454
FLEISHER,MICHAEL,455
FLEXER,ARTHUR,456
FLOWER,B.,457
FLOWER,BARRY,457
FOKOUE,ERNEST,458
FOLTZ,PETER,459
FORREST,STEPHANIE,460
FORSYTH,DAVID,461
FORTES,JOSE A.B.,462
FOSTER,DAVID J.,463
FOX,GEOFFREY,464
FOZZARD,RICHARD,465
FRAGNIERE,E.,466
FRAGNIERE,ERIC,466
FRANCO,HORACIO,467
FRANK,JEREMY,468
FRASCONI,PAOLO,469
FREAN,MARCUS,470
FREDHOLM,HENRIK,471
FREEMAN,DONALD T.,472
FREEMAN,WILLIAM T.,472
FREIDMAN,JEROME,473
FREUND,YOAV,474
FREY,B.J.,475
FREY,BRENDAN J.,475
FRIEDMAN,A.E.,476
FRIEDMAN,NIR,476
FRIEG,THILO T.,477
FRITSCH,JUERGEN,478
FRITZKE,BEMD,479
FRITZKE,BERND,479
FRY,C.L.,480
FRYE,ROBERT,481
FUKUMIZU,K.,482
FUKUMURA,N.,483
FUKUMURA,NAOHIRO,483
FURLANELLO,CESARE,484
FURUKAWA,T.,485
GABBIANI,FABRIZIO,486
GALLAND,CONRAD C.,487
GALLANT,JACK L.,488
GALLINARI,PATRICK,489
GALPERIN,GREGORY R.,490
GAO,FANGYU,491
GARBER,F.D.,492
GARDNER,W.R.,493
GARZON,M.,494
GARZON,MAX,494
GASSER,MICHAEL,495
GAT,ITAY,496
GATELY,MICHAEL T.,497
GAUDIANO,PAOLO,498
GAUTRALS,JACQUES,499
GDALYAHU,YORAM,500
GEE,ANDREW,501
GEE,ANDREW H.,501
GEIGER,D.,502
GEIGER,DAVI,502
GEISEL,T.,503
GEISEL,THEO,503
GELFAND,J.J.,504
GELFAND,JACK,504
GEMAN,SMART,505
GENTILE,CLAUDIO,506
GENTNER,DEDRE,507
GERSHO,A.,508
GERSHO,ANEN,508
GERSTNER,W.,509
GERSTNER,WULFRAM,509
GERULES,MARK,510
GHAHRAMANI,Z.,511
GHAHRAMANI,ZOUBIN,511
GHANI,MOHAMMED-ABDEL,512
GHISELLI-CRIPPA,THEA B.,513
GHOSH,JOYDEEP,514
GHOSN,JOUMANA,515
GIANNAKOPOULOS,XAVIER,516
GILBERT,SHELDON,517
GILES,C. LEE,518
GILES,C.L.,518
GILLESPIE,DAVE,519
GILLOUX,M.,520
GINDI,GENE,521
GINGRAS,F.,522
GINPEN,RODERIC,523
GINZBURG,IRIS,524
GIROSI,FEDERICO,525
GISH,SHERI L.,526
GIULIANI,DIEGO,527
GLASS,JAMES,528
GLASSMAN,MARTIN S.,529
GLOVER,MICHAEL A.,530
GLUCK,MARK,531
GLUCK,MARK A.,531
GLYNN,JAMES,532
GOEBEL,RAINER,533
GOGGIN,SHELLY,534
GOLD,JOSH I.,535
GOLD,S.,535
GOLD,STEVEN,535
GOLDBERG,K.Y.,536
GOLDBERG,PAUL W.,536
GOLDEN,RICHARD,537
GOLDEN,RICHARD M.,537
GOLDSTEIN,M.H.,538
GOLDSTEIN,MOISE H.,538
GOLEA,MOSTEFA,539
GOLOMB,B.A.,540
GOLOWICH,STEVEN E.,541
GOMI,HIROAKI,542
GONYE,GREGORY E.,543
GOODHILL,G.J.,544
GOODHILL,GEOFFREY,544
GOODHILL,GEOFFREY J.,544
GOODINE,DAVID,545
GOODMAN,JOSEPH W.,546
GOODMAN,PHILIP H.,546
GOODMAN,RODNEY,546
GOODMAN,RODNEY M.,546
GOODWIN,JAMES,547
GOODWIN,JAMES M.,547
GORDON,G.J.,548
GORDON,MIRTA B.,548
GOTHARD,KATALIN M.,549
GOUDREAU,MARK W.,550
GOURLEY,R.,551
GRACE,JOHN,552
GRAEPEL,THORE,553
GRAF,H.P.,554
GRAF,HANS P.,554
GRAF,HANS PETER,554
GRAHAM,BRUCE,555
GRAJSKI,KAMIL A.,556
GRANDVALET,YVES,557
GRANGER,ERIC,558
GRANGER,RICHARD,558
GRAY,MICHAEL S.,559
GREBERT,IGOR,560
GREENSPAN,HAYIT K.,561
GRIER,DAVID G.,562
GRIFFIN,R. D.,563
GRIMES,DAVID B.,564
GROSSBERG,STEPHEN,565
GROSSMAN,TAL,566
GROVE,ADAM J.,567
GRUEV,VIKTOR,568
GRUNEWALD,A.,569
GRUNEWALD,ALEXANDER,569
GRUPEN,R.A.,570
GRZESZCZUK,RADEK,571
GRZYWACZ,NORBERTO M.,572
GU,CHONG,573
GUHA,ALOKE,574
GUIGON,EMMANUEL,575
GULATI,SANDEEP,576
GULLAPALLI,VIJAYKUMAR,577
GUNZINGER,ANTON,578
GUPTA,AJAY,579
GUPTA,BHUSAN,579
GUPTA,PRAHLAD,579
GUSTAFSON,KARL,580
GUSTARSON,KARL,581
GUYON,I.,582
GUYON,ISABELLE,582
GUZIK,AUDREY L.,583
GYGER,STEVE,584
GYORGYI,GEZA,585
HADDEN,LUCY E.,586
HADJFFARADJI,S.,587
HADJIFARADJI,SAEED,588
HAFFNER,PATRICK,589
HAGER,J.C.,590
HAGER,JOSEPH C.,590
HAGGERTY,JOHN,591
HAGHIGHI,S.,592
HAJTO,J.,593
HALKJAER,SCREN,594
HAMALAINEN,MATTI,595
HAMEY,LEONARD G.C.,596
HAMILTON,ALISTER,597
HAMMER,MARTIN,598
HAMMERSTROM,D.,599
HAMMERSTROM,DAN,599
HAMNO,MASAHIKO,600
HAMPSHIRE,J.B.,601
HAMPSHIRE,JOHN B.,601
HAN,IL SONG,602
HAN,IL-SONG,602
HANCOCK,EDWIN R.,603
HANCOCK,THOMAS R.,603
HANDELMAN,DAVID,604
HANDZEL,A.A.,605
HANSEN,ERIC A.,606
HANSEN,L.K.,606
HANSEN,LARS KAI,606
HANSEN,VOLKER,606
HANSON,S.J.,607
HANSON,STEPHEN,607
HANSON,STEPHEN J.,607
HANSON,STEPHEN JOSE,607
HARGET,ALAN J.,608
HARI,RIITTA,609
HARMON,MANCE,610
HARP,STEVEN A.,611
HARRIS,JOHN G.,612
HARRIS-WARRICK,RONALD M.,613
HARRISON,REID R.,614
HARTSTEIN,A.,615
HASLER,PAUL,616
HASSELMO,M.,617
HASSELMO,MICHAEL,617
HASSELMO,MICHAEL E.,617
HASSIBI,BABAK,618
HASTIE,T.,619
HASTIE,TREVOR,619
HAUSSLER,DAVID,620
HAWKINS,JIM,621
HAYASHI,AKIRA,622
HAYASHI,YOICHI,622
HAYHOE,M.M.,623
HAYNES,PAUL S.,624
HE,YU,625
HEADING,ANTHONY J.R.,626
HEBLER,VERENA,627
HECKMAN,C. J.,628
HEIL,STEFAN,629
HEILEMAN,G.L.,630
HELD,MARCUS,631
HELMBOLD,D.P.,632
HELMBOLD,DAVID,632
HELMKE,UWE,633
HELY,TIM A.,634
HENDERSON,D.,635
HENDERSON,DONNIE,635
HENDLER,JAMES,636
HENIS,EALAN A.,637
HENKEL,ROLF D.,638
HENKLE,VAN,639
HENNECKE,MARCUS,640
HENRY,HOWARD,641
HERBRICH,RALF,642
HERBSTER,M.,643
HERGERT,E,644
HERMANSKY,HYNEK,645
HERNANDEZ,GERARDINA,646
HERSCHKOWITZ,DIDIER,647
HERSHEY,JOHN,648
HERTZ,J.,649
HERTZ,JOHN,649
HERTZ,JOHN A.,649
HERZ,ANDREAS,650
HESKES,TOM,651
HIFFIIGER,PHILIPP,652
HIGGINS,CHARLES M.,653
HIHI,S.E.,654
HILD,HERMANN,655
HINTON,G.,656
HINTON,GEOFFREY,656
HINTON,GEOFFREY E.,656
HIRAI,YUZO,657
HIRAYAMA,MAKOTO,658
HIRSCHMAN,LYNETTE,659
HOBSON,J. ALLAN,660
HOCHBERG,M.M.,661
HOCHBERG,MIKE,661
HOCHREITER,SEPP,662
HOCHSTEIN,SHAUL,663
HOFMANN,R.,664
HOFMANN,REIMAR,664
HOFMANN,THOMAS,664
HOGDEN,JOHN E.,665
HOGG,TAD,666
HOJEN-SORENSEN,PEDRO A.D.F.R.,667
HOLLAND,JOHN H.,668
HOLLATZ,JURGEN,669
HOLLEMAN,JEREMY H.,670
HOLLER,MARK,671
HOLLMEN,JAAKKO,672
HOLMANN,REIMAR,673
HOLMANN,THOMAS,673
HOLMES,A.J.,674
HOLMES,PHILIP J.,674
HOLMSTROM,LASSE,675
HOME,B.G.,676
HOME,BILL G.,676
HOMIK,K.,677
HOMIK,KURT,677
HOMMA,TOSHITERU,678
HONDA,KIYOSHI,679
HONRUBIA,VICENTE,680
HOPFIELD,J.J.,681
HOPFIELD,JOHN J.,681
HORIUCHI,TIM,682
HORIUCHI,TIMOTHY,682
HORIUCHI,TIMOTHY K.,682
HORMEL,MICHAEL,683
HORN,DAVID,684
HORNE,BILL,685
HORNE,BILL G.,685
HORNEL,DOMINIK,686
HORNIK,KURT,687
HORST,A.,688
HOUDE,JOHN E,689
HOUK,J.C.,690
HOUK,JAMES C.,690
HOWARD,R.E.,691
HOWE,NICHOLAS R.,692
HOWSE,J.W.,693
HOYER,PATRIK,694
HSIEH,TZU-PU,695
HSU,ANDREW,696
HSU,HUI-H.,696
HSU,KEN,696
HU,VICTOR,697
HUANG,WILLIAM Y.,698
HUBBARD,R.S.,699
HUBBARD,W.,699
HUBERMAN,BERNARDO,700
HUBERMAN,BERNARDO A.,700
HUERTAS,J. L.,701
HUET,BENOIT,702
HUI,KWOK FAI,703
HUMPHREYS,MICHAEL,704
HUMPHTIES,COLIN,705
HUNKAPILLER,TIM,706
HURLBERT,ANYA,707
HURLBERT,ANYA C.,707
HUSBANDS,PARRY,708
HUSH,DON R.,709
HUTCHINSON,JAMES,710
HWANG,JENQ-NENG,711
HYVARINEN,AAPO,712
HYVARRINEN,AAPO,713
IHLER,ALEXANDER T.,714
IIZUKA,KUNIHIKO,715
IKEDA,SHIRO,716
INBAR,GIDEON E,717
INDIVERI,G.,718
INTRATOR,NATHAN,719
INUI,TOSHIO,720
IOFFE,SERGEY,721
IRAGUI,VICENTE,722
ISABELLE,JEAN-FRANQOIS,723
ISARD,M.,724
ISARD,MICHAEL,724
ISBELL,CHARLES L.,725
ISHII,HIROSHI,726
ISHII,SHIN,726
ISO,KEN-ICHI,727
ITTI,LAURENT,728
JAAKKOLA,T.,729
JAAKKOLA,TOMMI,729
JAAKKOLA,TOMMI S.,729
JABD,MARWAN,730
JABRI,M.,731
JABRI,M.A.,731
JABRI,MARWAN,731
JABRI,MARWAN A.,731
JACKEL,L. D.,732
JACKEL,L.D.,732
JACKEL,LAWRENCE D.,732
JACKSON,G.,733
JACKSON,J.C.,733
JACOBS,DAVID W.,734
JACOBS,E. W.,734
JACOBS,ROBERT,734
JACOBS,ROBERT A.,734
JAGOTA,A.,735
JAIN,AJAY N.,736
JAMES,DANIEL L.,737
JAMES,GARETH,737
JANG,JU-SEOG,738
JANOW,R.,739
JAYAKUMAR,A.,740
JAYAKUMAR,ANTHONY,740
JEBARA,TONY,741
JENKINS,R.E.,742
JI,CHUANYI,743
JIM,KARO,744
JIN,CRAIG T.,745
JOE,KAZUKI,746
JOHNSON,D.,747
JOHNSON,DOUG,747
JOHNSON,ERIC,747
JOHNSON,KRISTINA,747
JOHNSON,MARTIN J.,747
JOJIC,NEBOJSA,748
JORDAN,M.I.,749
JORDAN,MICHAEL,749
JORDAN,MICHAEL I.,749
JOSEPH,S.R.H.,750
JOUNY,I.,751
JOURJINE,ALEXANDER,752
JOUSMAKI,VEIKKO,753
JUDD,J. STEPHEN,754
JUDD,STEPHEN,754
JUELS,A.,755
JUNG,T.,756
JUNG,TZYY-PING,756
KABASHIMA,YOSHIYUKI,757
KACMARCIK,G.J.,758
KADIRKAMANATHAN,M.,759
KADIRKAMANATHAN,V.,759
KAIHARA,R.,760
KAILATH,T.,761
KAILATH,THOMAS,761
KAIRISS,EDWARD W.,762
KAKADE,SHAM,763
KAMBHATLA,NANDA,764
KAMIMURA,RYOTARO,765
KAMM,CANDACE,766
KAMMEN,DANIEL,767
KAMMEN,DANIEL M.,767
KAMNANITHI,N.,768
KANADE,T.,769
KANERVA,PENTTI,770
KANG,KUKJIN,771
KANNAPPAN,SHEILA,772
KANTER,IDO,773
KANWAL,JAGMEET S.,774
KAPPEN,HILBERT J.,775
KARAKOULAS,GRIGORIS,776
KARO,MOSHE,777
KASDAN,HARVEY,778
KASSEBAUM,JOHN,779
KATAYAMA,MASAZUMI,780
KAUFMAN,LINDA,781
KAUSHANSKY,HOWARD,782
KAWATO,MITSUO,783
KAYE,P.,784
KAZLAS,PETER,785
KE,LIU,786
KEARNS,M.,787
KEARNS,MICHAEL,787
KEELER,JAMES,788
KEELER,JAMES D.,788
KEELER,JIM,788
KEERTHI,S. SATHIYA,789
KEESING,RON,790
KEGL,BALAZS,791
KELLER,JOSEPH B.,792
KEMPTER,R.,793
KEMPTER,RICHARD,793
KENNEDY,JOHN,794
KENYON,C.,795
KENYON,G.T.,795
KEPLER,THOMAS,796
KERNS,DOUGLAS,797
KERSHAW,D.J.,798
KERSTEN,DANIEL,799
KERSZBERG,MICHEL,800
KESSLER,DAVID A.,801
KEYMEULEN,DIDIER,802
KHANNA,S. K.,803
KHOTANZAD,ALIREZA,804
KIM,KI-CHUL,805
KINDERMANN,JORG,806
KINGSBURY,B.,807
KIOKE,YASUHARU,808
KIORPES,LYNNE,809
KIRILLOV,A.B.,810
KIRK,DAVID,811
KIRK,DAVID B.,811
KIRKPATRICK,SCOTT,812
KIVILUOTO,KIMMO,813
KIVINEN,J.,814
KIVINEN,JYRLD,814
KJAER,TROELS,815
KLEIN,BARBARA,816
KLEIN,RONALD,816
KLOPF,A. HARRY,817
KNERR,STEFAN,818
KNIERIM,JAMES J.,819
KNUDSEN,ERIC I.,820
KO,P.K.,821
KOCH,C.,822
KOCH,CHDSTOF,822
KOCH,CHRISTOF,822
KOCH,R.H.,822
KOCHEISEN,MICHAEL,823
KOENIG,SVEN,824
KOHLMORGEN,JENS,825
KOHN,PHIL,826
KOIKE,YASUHAM,827
KOIRAN,P.,828
KOISTINEN,PETRI,829
KOLEN,JOHN,830
KOLEN,JOHN F.,830
KOLLER,DAPHNE,831
KOMPE,RAIL,832
KOMURA,MITSUO,833
KONDA,VIJAY R.,834
KONIG,Y.,835
KONIG,YOCHAI,835
KONISHI,M.,836
KONTORAVDIS,D.,837
KOSAKA,HIDEO,838
KOTANI,KOJI,839
KOVALENKO,YE. I.,840
KOWALCZYK,A.,841
KOWALCZYK,ADAM,841
KRAMER,A.,842
KRAMER,ALAN H.,842
KRAMER,J.,842
KREMER,S.C.,843
KREUTZ-DELGADO,KENNETH,844
KRISHNAMURTHY,A. K.,845
KRISHNAPRASAD,P.S.,846
KRITAYAKIRANA,KONG,847
KROGH,A.,848
KROGH,ANDERS,848
KRUGER,W. FRITZ,849
KRUGLYAK,LEONID,850
KRUSCHKE,JOHN,851
KRYUKOV,V.I.,852
KRZYZAK,ADAM,853
KUDRIMOTI,HEMANT S.,854
KUH,ANTHONY,855
KUHN,G.M.,856
KUHN,GARY M.,856
KUKOLICH,LINDA,857
KUMAR,B.V.K. VIJAYA,858
KUO,JYH-MING,859
KVALE,MARK,860
KWON,CHULAN,861
LADES,MARTIN,862
LADNET,RICHARD,863
LAFRANCHISE,JEFFREY R.,864
LAGARIAS,JEFFREY C.,865
LAHAM,DARRELL,866
LAMBERT,RUSSELL H.,867
LAMBRIGSTEN,BJOM,868
LANDAUER,THOMAS K.,869
LANDOLT,OLIVER,870
LANE,STEPHEN,871
LANG,KEVIN,872
LANG,KEVIN J.,872
LANGDON,PAT,873
LANGE,DANIEL H.,874
LANGE,TRENT E.,874
LANGENBACHER,H.,875
LAPEDES,ALAN,876
LAPPE,MARKUS,877
LARSEN,J.,878
LASKEY,KATHRYN,879
LASKOV,PAVEL,880
LATHAM,PETER E.,881
LATHROP,RICHARD H.,882
LATIMER,CYRIL,883
LAU,CLIFFORD,884
LAUGHTON,S.N.,885
LAUTMP,BENNY,886
LAVIGNA,ANTHONY,887
LAWRENCE,D.T.,888
LAWRENCE,NEIL,888
LAWRENCE,PETER D.,888
LAWRENCE,S.,888
LAZZARO,J.,889
LAZZARO,JOHN,889
LE CUN,Y.,890
LE CUN,YANN,890
LEBIERE,CHRISTIAN,891
LEE,CHAN-DO,892
LEE,D. D.,892
LEE,DALE K.,892
LEE,DANIEL D.,892
LEE,HWANG-SOO,892
LEE,MAURICE,892
LEE,R.,892
LEE,SOO-YOUNG,892
LEE,SUSAN CIARROCCA,892
LEE,TAI SING,892
LEE,TE-WON,892
LEE,WEE SUN,892
LEE,WEI-TSIH,892
LEE,Y. C.,892
LEE,Y.C.,892
LEE,YEE-CHUN,892
LEE,YING-WUNG,892
LEEN,TODD,893
LEEN,TODD K.,893
LEERINK,LAURENS,894
LEERINK,LAURENS R.,894
LEGENDRE,GERALDINE,895
LEGLEYE,CLAIRE,896
LEHMANN,DIETRICH,897
LEHRER,RICHARD,898
LEINBACH,JARED,899
LEISCH,FRIEDRICH,900
LEISEH,FRIEDRICH,901
LEITE,J.A.F.,902
LEMARIE,B.,903
LEMASSON,GWENDAL,904
LEMMON,MICHAEL,905
LENZ,REINER,906
LEONG,HARRISON MONFOOK,907
LEONG,P.,907
LEOW,WEE-KHENG,908
LEROUX,M.,909
LEUNG,HONG,910
LEUNG,HONG C.,910
LEUNG,MING-TAK,910
LEVEMON,MICHAEL E.,911
LEVIN,A.U.,912
LEVIN,ASRIEL U.,912
LEVIN,ESTER,912
LEVIN,ESTHER,912
LEVY,NIR,913
LEVY,WILLIAM B.,913
LEWICKI,MICHAEL S.,914
LEWIS,EDWIN,915
LEWIS,M. ANTHONY,915
LI,HANG,916
LI,JONATHAN Q.,916
LI,QINGNAN,916
LI,SONG,916
LI,YI,916
LI,ZHAOPING,916
LIAO,YUANSONG,917
LIN,JUAN K.,918
LIN,MENG-JANG,918
LIN,T.,918
LIN,XIWU,918
LINARES-BARRANCO,B.,919
LINCOLN,WILLIAM P.,920
LINDEN,A.,921
LINDEN,ALEXANDER,921
LINDER,TAMILS,922
LINSKER,RALPH,923
LINSTER,CHRISTIANE,924
LIPPE,D.,925
LIPPMAN,ANDREW,926
LIPPMANN,RICHARD,927
LIPPMANN,RICHARD P.,927
LISBERGER,S.G.,928
LISBERGER,STEPHEN G.,928
LITMAN,DIANE,929
LITTLESTONE,NICK,930
LITTMAN,MICHAEL,931
LITTMAN,MICHAEL L.,931
LITTMANN,E.,932
LIU,S.,933
LIU,SHIH-CHII,933
LIU,WEIMIN,933
LIU,XIUWEN,933
LIU,YONG,933
LIU,ZILI,933
LOCH,JOHN,934
LOCKERY,SHAWN R.,935
LOGOTHETIS,NIKOS,936
LOINAZ,MARC,937
LONG,PHILIP M.,938
LONG,THERESA,938
LONGTIN,ANDRE,939
LOOS,HENDRICUS G.,940
LOVE,BRADLEY C.,941
LOWE,DAVID,942
LOZANO,FERNANDO,943
LOZANO-PEREZ,TOMAS,944
LOZANO-PEREZ,TOMILS,944
LU,CHIEN PING,945
LU,CHIEN-PING,945
LUMER,ERIK D.,946
LUNA,STEPHAN,947
LUND,JENNIFER,948
LUO,JIN,949
LUTTGES,MARVIN,950
LYNCH,GARY,951
LYON,RICHARD,952
LYTTON,WILLIAM W.,953
MA,SHENG,954
MAASS,W.,955
MAASS,WOLFGANG,955
MACDONALD,BRUCE,956
MACE,C. W.H.,957
MACKAY,D.,958
MACKAY,DAVID J. C.,958
MACKAY,DAVID J.C.,958
MACKIE,STUART,959
MACY,S. A.,960
MADARASMI,SUTHEP,961
MAECHLER,MARTIN,962
MAGDON-ISMAIL,MALIK,963
MAHONEY,J. JEFFREY,964
MAHOWALD,M.,965
MAHOWALD,M.A.,965
MAHOWALD,MISHA,965
MAINEN,ZACHARY,966
MAIOROV,VITALY,967
MAJANI,E.,968
MAKARENKO,V.I.,969
MAKEIG,S.,970
MAKEIG,SCOTT,970
MAKHOUL,J.,971
MAKHOUL,JOHN,971
MALACH,RAFAEL,972
MALAKA,RAINER,973
MALIK,JITENDRA,974
MALKOFF,DONALD B.,975
MALONEY,LAURANCE T.,976
MALPELI,JOSEPH G.,977
MALTENFORT,MITCHELL GIL,978
MAMELAK,ADAM N.,979
MAMMONE,RICHARD J.,980
MANDUCA,ARMANDO,981
MANGASARIAN,O. L.,982
MANGASARIAN,O.L.,982
MANKE,STEFAN,983
MANN,JAMES R.,984
MANN,JIM,984
MANN,REINHOLD,984
MANN,TOBIAS,984
MANSOUR,Y.,985
MANSOUR,YISHAY,985
MANWANI,AMIT,986
MARBACH,PETER,987
MARCANTONIO,A.,988
MARCHAND,M.,989
MARCHAND,MARIO,989
MARCOTTE,BEN A.,990
MARCUS,C.M.,991
MARCUS,CHARLES M.,991
MARDER,EVE,992
MARGARITIS,DIMITRIS,993
MARION,GLENN,994
MARKEL,SCOTT,995
MARKMAN,ARTHUR B.,996
MARKO,KENNETH,997
MARKS,ROBERT J.,998
MARKUS,ETAN J.,999
MARON,ODED,1000
MARSAN,DAVID,1001
MARSHALL,GILLIAN,1002
MARSHALL,J.A.,1002
MARSHALL,JONATHAN A.,1002
MARSON,DAVID,1003
MARTIGNON,LAURA,1004
MARTIN,DOUGLAS R.,1005
MARTIN,G.L.,1005
MARTIN,GALE,1005
MARTIN,GALE L.,1005
MARTIN,GREG,1005
MARTIN,KEVIN E.,1005
MARTIN,R. DOUGLAS,1005
MARTS,ALAN D.,1006
MASON,LLEW,1007
MASSON,CLAUDINE,1008
MASSONE,LINA L. E.,1009
MASTEBROEK,H. A. K.,1010
MATAN,OFER,1011
MATHEUS,CHRISTOPHER J.,1012
MATHIESON,MARK,1013
MATHIS,DONALD,1014
MATHUR,BIMAL,1015
MATIC,NADA E.,1016
MATO,GERMAN,1017
MATSUI,HIROFUMI,1018
MATSUMOTO,KENJI,1019
MATSUOKA,Y.,1020
MAXWELL,T.,1021
MAYHEW,JOHN E.W.,1022
MCALLESTER,DAVID,1023
MCCABE,S.L.,1024
MCCALLUM,R. ANDREW,1025
MCCARTOR,HAL,1026
MCCLELLAND,JAMES L.,1027
MCCLURE,MARCELLA A.,1028
MCGOVERN,AMY,1029
MCKENNA,MICHAEL,1030
MCKEOWN,MARTIN J.,1031
MCLOUGHLIN,NIALL,1032
MCMILLAN,CLAYTON,1033
MCNAIR,ARTHUR,1034
MCNAUGHTON,BRUCE L.,1035
MCVEY,BRIAN D.,1036
MEAD,C.A.,1037
MEAD,CARVER,1037
MEAD,CARVER A.,1037
MEADOR,JACK L.,1038
MEILA,M.,1039
MEILA,MARINA,1039
MEILIJSON,ISAAC,1040
MEIR,R.,1041
MEIR,RON,1041
MEIR,RONNY,1041
MEISTER,MARKUS,1042
MEJIA,CARLOS,1043
MEL,B.W.,1044
MEL,BARTLETT,1044
MEL,BARTLETT W.,1044
MELLSTROM,JEFF,1045
MELTON,MATT,1046
MENZEL,WOLFRAM,1047
MERZ,CHRISTOPHER J.,1048
MERZENICH,MICHAEL M.,1049
MESIROV,JILL P.,1050
MESTERHARM,CHRIS,1051
METCALFE,JANET,1052
METZ,CHRISTOPHER J.,1053
METZNET,WALTER,1054
MEYER-BAESE,A.,1055
MHASKAR,H. N.,1056
MICCHELLI,C. A.,1057
MICHEL,A. N.,1058
MIGHELL,DOROTHY A.,1059
MIHATSCH,OLIVER,1060
MIIKKULAINEN,R.,1061
MIIKKULAINEN,RISTO,1061
MIKA,SEBASTIAN,1062
MILGRAM,MAURICE,1063
MILITO,RODOLFO,1064
MILLER,C.B.,1065
MILLER,DAVID J.,1065
MILLER,JOHN P.,1065
MILLER,JOHN W.,1065
MILLER,KENNETH D.,1065
MILLER,MICHAEL I.,1065
MILLER,O.,1065
MILLER,THOMAS K.,1065
MILLER,W.,1065
MILLER,W. THOMAS,1065
MILLLET,KLAUS-ROBERT,1066
MILLMAN,K. JARROD,1067
MILOSTAN,JEANNE C.,1068
MILTON,JOHN G.,1069
MIMS,STEVE,1070
MINAI,ALI A.,1071
MINCH,BRADLEY A.,1072
MINEIRO,PAUL,1073
MINGOLLA,ENNIO,1074
MIRANKER,WILLARD,1075
MITCHELL,MELANIE,1076
MITCHELL,T.,1076
MITCHELL,TOM M.,1076
MIYAKE,SEI,1077
MIYAMOTO,MASAYUKI,1078
MIYATA,YOSHIRO,1079
MJOLSNESS,E.,1080
MJOLSNESS,ERIC,1080
MOGHADDAM,BABACK,1081
MOLL,ROBERT,1082
MOLLER,KNUT,1083
MONACO,JEFFREY E,1084
MONTAGUE,P. R.,1085
MONTAGUE,P. READ,1085
MONTANA,DAVID,1086
MONTGOMERY,DON,1087
MONTI,STEFANO,1088
MOODY,J.,1089
MOODY,JOHN,1089
MOODY,JOHN E.,1089
MOON,KEVIN J.,1090
MOONEY,RAYMOND J.,1091
MOOPENN,A.,1092
MOOPENN,ALEXANDER,1092
MOORE,A.W.,1093
MOORE,ANDREW,1093
MOORE,ANDREW W.,1093
MOORE,PATRICK,1093
MORCINIEC,MICHAL,1094
MORGAN,N.,1095
MORGAN,NELSON,1095
MORI,YOSHIHIRO,1096
MORIMOTO,T.,1097
MORPURGO,ANNA,1098
MORRIS,RICHARD G. M.,1099
MORRIS,TONIA G.,1099
MOSS,E,1100
MOSS,ELIOT,1100
MOSS,FRANK,1100
MOTEAU,YVES,1101
MOVELLAN,JAVIER,1102
MOVELLAN,JAVIER R.,1102
MOVSHON,J. ANTHONY,1103
MOZER,MICHAEL,1104
MOZER,MICHAEL C.,1104
MUELLER,K.,1105
MUELLER,PAUL,1105
MUKHERJEE,SAYAN,1106
MUKHERJEE,SAYANDEV,1106
MULLER,KLAUS-R.,1107
MULLER,KLAUS-ROBERT,1107
MULLER,URS A.,1107
MUMTA,NOBORU,1108
MUNDEL,TREVOR,1109
MUNOS,REMI,1110
MUNRO,P.W.,1111
MUNRO,PAUL,1111
MUNRO,PAUL W.,1111
MURATA,N.,1112
MURATA,NOBORU,1112
MURAYAMA,TATSUTO,1113
MURPHY,KEVIN P.,1114
MURPHY,SEAN D.,1114
MURRAY,A. F.,1115
MURRAY,A.F.,1115
MURRAY,ALAN,1115
MURRAY,ALAN E,1115
MURRAY,ALAN F.,1115
MURRAY,MICHAEL,1115
MURRAY-SMITH,RODERICK,1116
MUSSA-IVALDI,FERDINANDO A.,1117
MUSSA-LVALDI,FERDINANDO,1118
MUTHUSAMY,YESHWANT,1119
MUTHUSAMY,YESHWANT K.,1119
MUTZ,DARREN,1120
MYERS,CATHERINE E.,1121
NABET,BAHRAM,1122
NABNEY,IAN T.,1123
NACHTIGALL,PAUL,1124
NADAL,J. P,1125
NADAL,JEAN-PIERRE,1125
NADEAU,CLAUDE,1126
NAFTALY,URY,1127
NAILLON,MARTINE,1128
NAJAFI,HOSSEIN L.,1129
NAKAHARA,H.,1130
NAKAHARA,HIROYUKI,1130
NAKAI,T.,1131
NAKANO,RYOHEI,1132
NAKASHIMA,MICHIO,1133
NEAL,RADFORD M.,1134
NEGISHI,MICHIRO,1135
NELSON,ALEX T.,1136
NELSON,MARK E.,1136
NELSON,SACHA B.,1136
NEUGEBAUER,CHARLES E,1137
NEUKIRCHEN,C.,1138
NEUKIRCHEN,CTUISTOPH,1138
NEUMANN,HEIKO,1139
NEUNEIER,R.,1140
NEUNEIER,RALPH,1140
NG,ANDREW Y.,1141
NG,KENNEY,1141
NIEBUR,E.,1142
NIEBUR,ERNST,1142
NIRANJAN,M.,1143
NIRANJAN,MAHESAN,1143
NISSMAN,DANIEL,1144
NIX,DAVID,1145
NIX,DAVID A.,1145
NIYOGI,PARTHA,1146
NODA,HIDEKI,1147
NOEST,ANDRE J.,1148
NOETZEL,ANDREW S.,1149
NOHL,C.,1150
NOHL,CRAIG R.,1150
NOORDEWIER,MICHIEL,1151
NORMAN,KENNETH A.,1152
NORTH,BEN,1153
NOWLAN,STEVEN,1154
NOWLAN,STEVEN J.,1154
NUCCI,ADAM J.,1155
NUNEZ,FERNANDO J.,1156
O'KEEFE,JOHN,1157
O'REILLY,RANDALL C.,1158
OBERMAYER,K.,1159
OBERMAYER,KLAUS,1159
OBRADOVIC,ZORAN,1160
OFTAWAY,MARY B.,1161
OGAWA,HIDEMITSU,1162
OH,JONG-HOON,1163
OH,SEHO,1163
OHIRA,TOM,1164
OHIRA,TORU,1164
OHL,F.,1165
OHMI,T.,1166
OHMI,TADAHIRO,1166
OJA,ERKKI,1167
OKAMOTO,TOSHIAKI,1168
OLAMI,ZEEV,1169
OLIVEIRA,ARLINDO L.,1170
OLIVER,NURIA,1171
OLLILA,MARK,1172
OLSHAUSEN,BRUNO A.,1173
OMIDVAR,MASSOUD,1174
OMOHUNDRO,S.M.,1175
OMOHUNDRO,STEPHEN,1175
OMOHUNDRO,STEPHEN M.,1175
ONODA,TAKASHI,1176
OPITZ,D.W.,1177
OPPER,MANFRED,1178
OPTICAN,LANCE M.,1179
ORLITSKY,A.,1180
ORMONEIT,D.,1181
ORMONEIT,DIRK,1181
ORPONEN,PEKKA,1182
ORR,GENEVIEVE B.,1183
ORSAK,GEOFFREY,1184
OSHIMA-TAKANE,YURIKO,1185
OSTERBERG,MATS,1186
OSTERHOLTZ,LOUISE,1187
OWEN,W.,1188
OYAMA,EIMEI,1189
OZAKI,H.,1190
PAASS,GERHARD,1191
PADGETT,CURTIS,1192
PAGE,EDWARD W.,1193
PAL,I.,1194
PALM,GFINTHER,1195
PAN,H.,1196
PANIZZA,SANDRA,1197
PAPKA,RON,1198
PAPPU,S.,1199
PAPPU,SUGUNA,1199
PARBERRY,IAN,1200
PAREIGIS,STEPHAN,1201
PARFITT,SHAN,1202
PARGA,NESTOR,1203
PARIS,BERND-PETER,1204
PARKER,DAVID B.,1205
PARMANTO,B.,1206
PARMANTO,BARNBANG,1206
PARR,RONALD,1207
PARRA,L.C.,1208
PARRA,LUCAS,1208
PARRA,LUCAS C.,1208
PASERO,E.,1209
PASZTOR,EGON C.,1210
PATEL,GIRISH N.,1211
PATI,Y.C.,1212
PAUGAM-MOISY,HELENE,1213
PAULIN,MICHAEL G.,1214
PAVEL,M.,1215
PAVEL,MISHA,1215
PAWELZIK,K.,1216
PAWELZIK,KLAUS,1216
PAWELZIK,KLAUS R.,1216
PAZZANI,MICHAEL J.,1217
PEALERSEN,M.W.,1218
PEARLMUTTER,B.A.,1219
PEARLMUTTER,BARAK,1219
PEARLMUTTER,BARAK A.,1219
PEARSON,J.C.,1220
PEARSON,JOHN,1220
PEARSON,JOHN C.,1220
PEARSON,R.A.,1220
PEDERSEN,MOTTEN,1221
PEDRONI,VOLNEI,1222
PELILLO,MARCELLO,1223
PENNER,RALPH,1224
PENNEY,R. W.,1225
PENTLAND,A.,1226
PENTLAND,ALEX,1226
PENTLAND,ALEX P.,1226
PEPER,FERDINAND,1227
PEREIRA,RICARDO A. MARQUES,1228
PERERA,A. G. U.,1229
PERKINS,THEODORE J.,1230
PERONA,PIETRO,1231
PERRONE,MICHAEL P.,1232
PERRY,JOHN,1233
PERSONNAZ,L.,1234
PERSONNAZ,LEON,1234
PERSONNAZ,LFION,1234
PESSOA,L.,1235
PETEK,BOJAN,1236
PETERSEN,STEFFEN,1237
PETERSON,ALLEN M.,1238
PETERSON,JAMES K.,1238
PETERSON,R.M.,1238
PETERSON,R.S.,1238
PETSCHE,THOMAS,1239
PETSEHE,T.,1240
PEZARIS,JOHN S.,1241
PHAN,TAN,1242
PHILLIPS,MICHAEL,1243
PHILLIPS,P. JONATHON,1243
PICHE,STEPHEN,1244
PICKARD,S.,1245
PICKARD,STEPHEN,1245
PIEPENBROCK,CHRISTIAN,1246
PIERACCINI,ROBERTO,1247
PINEDA,FERNANDO,1248
PINEDA,FERNANDO J.,1248
PINKAS,GADI,1249
PINTER,ROBERT B.,1250
PITTMAN,JAMES,1251
PITTMAN,JAMES A.,1251
PLATE,TONY,1252
PLATE,TONY A.,1252
PLATT,J.C.,1253
PLATT,JOHN,1253
PLATT,JOHN C.,1253
PLUTOWSKI,MARK,1254
POGGIO,TOMASO,1255
POGGIO,TOMASO A.,1255
POIRAZI,PANAYIOTA,1256
POLIFRONI,JOSEPH,1257
POLLACK,JORDAN,1258
POLLACK,JORDAN B.,1258
POMERLEAU,DEAN,1259
POMERLEAU,DEAN A.,1259
PONG,TING-CHUEN,1260
POROD,W.,1261
POSTMA,ERIC,1262
POTTER,DANIEL,1263
POUGET,A.,1264
POUGET,ALEXANDRE,1264
POULIOT,YANNICK,1265
POULIQUEN,PHILIPPE O.,1266
PRANK,KLAUS,1267
PRASAD,K. VENKATESH,1268
PRATT,HILLEL,1269
PRATT,L. Y.,1269
PRATT,LORIEN Y.,1269
PRECUP,DOINA,1270
PRESCOTT,TONY J.,1271
PRICE,DAVID,1272
PRIEL,AVNER,1273
PRINCIPE,JOSE,1274
PRINCIPE,JOSE C.,1274
PRINTZ,HARRY,1275
PROKOPOWICZ,PETER N.,1276
PRTIGEL-BENNETT,ADAM,1277
PSALTIS,DEMETR,1278
PSALTIS,DEMETRI,1278
PU,CHIANG-JUNG,1279
PUFF,R.D.,1280
PUZICHA,JAN,1281
QAZAZ,CAZHAOW S.,1282
QUEK,FRANCIS,1283
QUOY,MATHIAS,1284
RAE,H. C.,1285
RAGG,THOMAS,1286
RAHIM,MAZIN,1287
RAMACHANDRAN,SOWMYA,1288
RAMANUJAM,NIRMALA,1289
RANDLOV,JETTE,1290
RANGARAJAN,A.,1291
RANGARAJAN,ANAND,1291
RAO,A.,1292
RAO,R.P.N.,1292
RAO,RAJESH,1292
RAO,RAJESH P. N.,1292
RAO,RAJESH P.N.,1292
RAPPELSBERGER,PETER,1293
RASHID,MOSFEQ,1294
RASMUSSEN,C.E.,1295
RASMUSSEN,CARL E.,1295
RASNOW,BRIAN,1296
RATSABY,JOEL,1297
RATSCH,GUNNAR,1298
RATTRAY,MAGNUS,1299
RAUSCHECKER,JOSEF P.,1300
RAVINDRAN,B.,1301
RAY,W. HARMON,1302
RAYSZ,JEAN,1303
REBOTIER,T.,1304
RECCE,MICHAEL,1305
REDDING,NICHOLAS J.,1306
REEKIE,H. MARTIN,1307
REEVES,DOUG,1308
REGGIA,JAMES A.,1309
REHFUSS,S.,1310
REIFSNIDER,ERIC S.,1311
REILLY,DOUGLAS L.,1312
REITMAN,EDWARD,1313
REKLAITIS,GINTAMS V.,1314
RENALS,STEVE,1315
RENART,ALFONSO,1316
RENAUD-LEMASSON,SYLVIE,1317
REVOW,M.,1318
REVOW,MICHAEL D.,1318
REXLISH,A.D.,1319
RHODES,PAUL,1320
RICHARDS-KORTUM,REBECCA,1321
RICHARDSON,TOM J.,1322
RICHMOND,BARRY J.,1323
RICKARD,SCOTT,1324
RIEDMILLER,MARTIN,1325
RIEKE,FRED,1326
RIESENHUBER,MAXIMILIAN,1327
RIGOLL,G.,1328
RIGOLL,GERHARD,1328
RIIS,S.K.,1329
RINBERG,DMITRY,1330
RING,MARK,1331
RINOTT,YOSEF,1332
RISAU-GUSMAN,SEBASTIAN,1333
RITCEY,JAMES A.,1334
RITTER,H.,1335
RITZMANN,R.E.,1336
RIVEST,RON L.,1337
RIVEST,RONALD L.,1337
RIVEST,RONALD.,1337
ROBEL,ALEX,1338
ROBINSON,A. J.,1339
ROBINSON,A.J.,1339
ROBINSON,DAVID A.,1339
ROBINSON,TONY,1339
RODRIGUEZ,ANDRES,1340
RODRIGUEZ,F. B.,1340
RODRIGUEZ,PAUL,1340
ROGERS,DAVID,1341
ROGINSKI,KRIST,1342
ROGNVALDSSON,THORSTEINN S.,1343
ROHWER,RICHARD,1344
ROITBLAT,HERBERT,1345
ROITERSHTEIN,ALEXANDER,1346
ROKNI,URI,1347
ROLLS,EDMUND T.,1348
RON,DANA,1349
ROSARIO,BARBARA,1350
ROSCA,JUSTINIAN,1351
ROSCHEISEN,MARTIN,1352
ROSE,K.,1353
ROSE,M. J.,1353
ROSEN,BRACE,1354
ROSEN,BRUCE E.,1354
ROSEN,DANIEL J.,1354
ROSEN,DAVID B.,1354
ROSENBERG,CHARLES,1355
ROSENFELD,RONALD,1356
ROSENHOLTZ,RUTH,1357
ROSS,W.,1358
ROSSEN,MICHAEL,1359
ROTH,DAN,1360
ROTH,VOLKER,1360
ROWAT,PETER F.,1361
ROWEIS,SAM,1362
ROWEIS,SAM T.,1362
ROWLEY,H.A.,1363
ROY,B.V.,1364
ROY,NICHOLAS,1364
ROYCHOWDHURY,V. P.,1365
ROYCHOWDHURY,V.P.,1365
ROYCHOWDHURY,VWANI,1365
ROYCHOWDHURY,VWANI P.,1365
RUANAIDH,JOSEPH O.,1366
RUBIN,MARK A.,1367
RUDERMAN,DANIEL,1368
RUDERMAN,DANIEL L.,1368
RUDOLPH,FRANKLIN J.,1369
RUDRA,ARCHISMART,1370
RUEGET,S.M.,1371
RUMELHART,DAVID,1372
RUMELHART,DAVID E.,1372
RUPPIN,EYTAN,1373
RUSMEVICHIEMONG,PAAT,1374
RUSSELL,SMART,1375
RYAN,JAKE,1376
RYCKEBUSCH,SYLVIE,1377
RYMER,W. ZEV,1378
SAAD,D.,1379
SAAD,DAVID,1379
SABATINI,SILVIO P.,1380
SABES,P.N.,1381
SABISCH.,T.,1382
SACKINGER,EDUARD,1383
SAFFELL,MATTHEW,1384
SAFFMAN,MARK,1385
SAHA,AVIJIT,1386
SAHANI,MANEESH,1387
SAHAR,S.,1388
SAHAR-PIKIELNY,CARREIT,1389
SAITO,HIROAKI,1390
SAITO,KAZUMI,1390
SAJDA,PAUL,1391
SAKAI,KO,1392
SAKATA,SHINICHI,1393
SAKURAI,AKITO,1394
SALEHI,JAWAD A.,1395
SALLANS,BRIAN,1396
SALU,YEHUDA,1397
SAMAD,TARIG,1398
SAMALAM,VIJAY,1399
SAMUELIDES,MANUEL,1400
SAN MARTIN,A. MIGUEL,1401
SANGER,TERENCE,1402
SANGER,TERENCE D.,1402
SANGIOVANNI-VINCENTELLI,A.,1403
SANGIOVANNI-VINCENTELLI,ALBERTO,1403
SANTOS,EUGENE,1404
SANTOSO,I.,1405
SARPESHKAR,RAHUL,1406
SATO,A.,1407
SATO,MASA-AKI,1407
SATO,YUZURU,1407
SATYANARAYANA,SRINAGESH,1408
SAUL,L.K.,1409
SAUL,LAWRENCE,1409
SAUL,LAWRENCE K.,1409
SAUND,ERIC,1410
SAUNDERS,GREGORY M.,1411
SAYED,ALI H.,1412
SCHAAL,S.,1413
SCHAAL,STEFAN,1413
SCHAEFERS,CHRISTOPH,1414
SCHAPIRE,ROBERT,1415
SCHAPIRE,ROBERT E.,1415
SCHEEFF,DAVID,1416
SCHEICH,H.,1417
SCHENKEL,M.,1418
SCHENKEL,MARKUS,1418
SCHFITZE,HINRICH,1419
SCHIEGL,INGO,1420
SCHIMERT,JIM,1421
SCHLEY,CHARLES,1422
SCHMIDBAUER,OTTO,1423
SCHMIDHUBER,JUERGEN,1424
SCHMIDHUBER,JURGEN,1424
SCHMITT,MICHAEL,1425
SCHNEIDER,J.,1426
SCHNEIDER,JEFF G.,1426
SCHNEIDMAN,ELAD,1427
SCHNELL,ERIC,1428
SCHNITGER,GEORG,1429
SCHOFL,CHRISTOF,1430
SCHOLKOPF,B.,1431
SCHOLKOPF,BERNHARD,1431
SCHOLZ,MATTHIAS,1432
SCHONER,HOLGER,1433
SCHOTTKY,BERNHARD,1434
SCHOUTEN,JAAP C.,1435
SCHRAUDOLPH,N.N.,1436
SCHRAUDOLPH,NICOL,1436
SCHRAUDOLPH,NICOL N.,1436
SCHREINER,C.E.,1437
SCHREINER,CHRISTOPH E.,1437
SCHULING,F. H.,1438
SCHULTE,MIRIAM,1439
SCHULTEN,K.,1440
SCHULTEN,KLAUS,1440
SCHUSTER,HEINZ,1441
SCHUSTER,MIKE,1441
SCHUURMANS,DALE,1442
SCHWABE,LARS,1443
SCHWABER,JAMES S.,1444
SCHWARTZ,ANTON,1445
SCHWARTZ,D.B.,1445
SCHWARTZ,DANIEL,1445
SCHWARTZ,DANIEL B.,1445
SCHWARTZ,EDWARD,1445
SCHWARTZ,ODELIA,1445
SCHWARTZ,R.,1445
SCHWARTZ,RICHARD,1445
SCHWARZE,H.,1446
SCHWARZE,HOLM,1446
SCHWEGLER,HELMUT,1447
SCHWENK,HOLGER,1448
SCOFIELD,CHRISTOPHER L.,1449
SCOTT,GARY M.,1450
SEEGER,MATTHIAS,1451
SEGEV,IDAN,1452
SEIBERT,MICHAEL,1453
SEINENOV,S.A.,1454
SEJNOWSKI,T. J.,1455
SEJNOWSKI,T.J.,1455
SEJNOWSKI,TERRENCE,1455
SEJNOWSKI,TERRENCE J.,1455
SELVERSTON,ALLEN I.,1456
SENEFT,STEPHANIE,1457
SENIOR,A.,1458
SERENO,MARGARET,1459
SERENO,MARTIN,1459
SERENO,MARTIN I.,1459
SERGEJEW,A.,1460
SERRANO-GOTARREDONA,T.,1461
SERVAN-SCHREIBER,DAVID,1462
SEUNG,H. S.,1463
SEUNG,H. SEBASTIAN,1463
SEUNG,H.S.,1463
SHADMEHR,REZA,1464
SHAH,ROOPAK,1465
SHAHIAN,DAVID,1466
SHAMIR,ELI,1467
SHAPIRO,JONATHAN L.,1468
SHARMA,RAVI K.,1469
SHASHUA,AMNON,1470
SHATZ,CARLA J.,1471
SHAVLIK,J.W.,1472
SHAVLIK,JUDE,1472
SHAVLIK,JUDE W.,1472
SHAWE-TAYLOR,J.,1473
SHAWE-TAYLOR,JOHN,1473
SHEMNGTON,D.,1474
SHEPANSKI,J. F.,1475
SHEPARD,ROGER,1476
SHERRINGTON,D.,1477
SHI,BERTRAM E.,1478
SHIBATA,T.,1479
SHIBATA,TADASHI,1479
SHIN,SANG-YUNG,1480
SHIONO,SATORU,1481
SHOUVAL,HAREL,1482
SHULTZ,THOMAS,1483
SHULTZ,THOMAS R.,1483
SHUSTOROVICH,A.,1484
SHUVALOVA,LB.,1485
SIAPAS,ATHANASSIOS,1486
SIEGEL,MICAH S.,1487
SIEGEL,RALPH M.,1487
SIEGELMANN,HAVA T.,1488
SILL,JOSEPH,1489
SILVERMAN,RONALD H.,1490
SIMARD,PATRICE,1491
SIMARD,PATRICE Y.,1491
SIMMONS,JAMES A.,1492
SIMONCELLI,EERO P.,1493
SIN,C.K.,1494
SINGER,ALEXANDER,1495
SINGER,ELLIOT,1495
SINGER,Y.,1495
SINGER,YORAM,1495
SINGH,S.P.,1496
SINGH,SATINDER,1496
SINGH,SATINDER P.,1496
SINGHAL,SHARAD,1497
SIPPER,MOSHE,1498
SIROSH,J.,1499
SIROSH,JOSEPH,1499
SITARAMEN,R.,1500
SITTON,MARK,1501
SIU,K.Y.,1502
SIU,KAI-YEUNG,1502
SIVILOTTI,MASSIMO,1503
SKAGGS,WILLIAM,1504
SKAGGS,WILLIAM E.,1504
SKANTZOS,N. S.,1505
SKINNER,STEVEN R.,1506
SKRZYPEK,JOSEF,1507
SLANEY,MALCOLM,1508
SLOBODA,TILO,1509
SLONIM,NOAM,1510
SMIMAKIS,STELIOS M.,1511
SMITH,ANTHONY V. W.,1512
SMITH,GAVIN,1512
SMITH,KURT R.,1512
SMITH,L.S.,1512
SMITH,MIKE E. U.,1512
SMITHERS,TIM,1513
SMOLA,ALEX,1514
SMOLA,ALEX J.,1514
SMOLA,ALEXANDER J.,1514
SMOLENSKY,PAUL,1515
SMOTROFF,IRA G.,1516
SMYTH,PADHRAIC,1517
SMYTHE,ERICH J.,1518
SNAPP,R.R.,1519
SNAPP,ROBERT,1519
SNYDER,WESLEY,1520
SNYDER,WESLEY E.,1520
SO,D. S.C.,1521
SOCCI,NICHOLAS D.,1522
SOFTKY,W.R.,1523
SOFTKY,WILLIAM R.,1523
SOLARI,FABIO,1524
SOLLA,S.A.,1525
SOLLA,SARA,1525
SOLLA,SARA A.,1525
SOLLICH,P.,1526
SOLLICH,PETER,1526
SOLODOV,M. V.,1527
SOMERS,DAVID,1528
SOMMER,GERALD,1529
SOMMEX,FRIEDRICH T.,1530
SOMPOLINSKI,HAIM,1531
SOMPOLINSKY,HAIM,1532
SONA,DIEGO,1533
SONG,SEN,1534
SONG,XUBO,1534
SONG,XUBO B.,1534
SONTAG,E.D.,1535
SONTAG,EDUARDO,1535
SONTAG,EDUARDO D.,1535
SORHEIM,EINAR,1536
SOUKUP,TODD,1537
SPANGLER,RANDALL R.,1538
SPECTOR,KALANIT GRILL,1539
SPENCE,C.D.,1540
SPENCE,CLAY,1540
SPENCE,CLAY D.,1540
SPERDUTI,ALESSANDRO,1541
SROKA,JASON,1542
STAFYLOPATIS,ANDREAS,1543
STAHLBERGER,ACHIM,1544
STANDLEY,D. L.,1545
STANTON,PATRIC K.,1546
STARITA,ANTONINA,1547
STECHERT,ANDRE,1548
STECK,JAMES E.,1549
STEEG,EVAN,1550
STEFANOVIC,DARKO,1551
STEIN,CHARLES,1552
STEINHAGE,VOLKER,1553
STEINMETZ,PETER N.,1554
STEMMLER,MARTIN,1555
STENSMO,MAGNUS,1556
STERLING,LEON S.,1557
STERN,EDWARD,1558
STETTER,MARTIN,1559
STEVENS,C.,1560
STEVENS,CATHERINE,1560
STEVENS,CHARLES F.,1560
STOCKER,ALAN,1561
STOLCKE,ANDREAS,1562
STOLORZ,PAUL,1563
STONE,P.,1564
STONICK,VIRGINIA L.,1565
STORK,DAVID,1566
STORK,DAVID G.,1566
STORNETTA,W. SCOTT,1567
STREET,W. N.,1568
STREILEIN,WILLIAM W.,1569
STRYKER,MICHAEL P.,1570
SUAREZ,HUMBERT,1571
SUDBRAK,TH.,1572
SUEMATSU,NOBUO,1573
SUGIYAMA,MASASHI,1574
SULLIVAN,W.E.,1575
SUMIDA,RONALD A.,1576
SUN,G. Z.,1577
SUN,G.Z.,1577
SUN,GUO-ZHEN,1577
SUN,GUO-ZHENG,1577
SUNDARARAJAN,S.,1578
SUNDARESWARAN,V.,1579
SUNG,KAH KAY,1580
SUTTON,JEFFREY P.,1581
SUTTON,R.S.,1581
SUTTON,RICHARD,1581
SUTTON,RICHARD S.,1581
SUZUKI,HISASHI,1582
SUZUKI,RYOJI,1582
SUZUKI,SATOSHI,1582
SVENSEN,M.,1583
SVENSEN,MARKUS,1583
SVERDLOVE,RONALD,1584
SYDORENKO,MARK. R,1585
SYKACEK,PETER,1586
SZEPESVFIXI,CSABA,1587
SZYMANSKI,J.,1588
SZYMANSKI,PETER T.,1588
TABASKO,MARY,1589
TACHI,SUSUMU,1590
TAGLIARINI,GENE A.,1591
TAKAHASHI,NAOMI,1592
TAKANE,YOSHIO,1593
TAKENS,FLORIS,1594
TAM,DAVID,1595
TANAKA,AKIO,1596
TANAKA,SHIGEM,1596
TANAKA,SHIGERU,1596
TANAKA,TOSHIYUKI,1596
TANG,AKAYSHA C.,1597
TANG,D.S.,1597
TANI,J.,1598
TANIGUCHI,MICHIAKI,1599
TARASSENKO,LIONEL,1600
TAWEL,RAOUL,1601
TAYLOR,J.G.,1602
TEBELSKIS,JOE,1603
TEETERS,JEFFREY,1604
TEH,YEE-WHYE,1605
TENENBAUM,J.B.,1606
TENENBAUM,JOSHUA,1606
TENENBAUM,JOSHUA B.,1606
TENORIO,MANOEL F.,1607
TENORIO,MANOEL FERNANDO,1607
TERMAN,DAVID,1608
TERZOPOULOS,DEMETRI,1609
TESAURO,GERALD,1610
THAKOOR,A. P.,1611
THAKOOR,A.P.,1611
THEETEN,JEAN-BERNARD,1612
THIRIA,SYLVIE,1613
THMN,SEBASTIAN,1614
THODBERG,HANS HENRIK,1615
THOMBER,KARVEL K.,1616
THORBERGSSON,C.I.,1617
THORPE,SIMON J.,1618
THRASHER,C.W.,1619
THRUN,S.,1620
THRUN,SEBASTIAN,1620
THRUN,SEBASTIAN B.,1620
TIBSHIRANI,R.,1621
TIBSHITANI,ROBERT,1622
TIETZ,CH.,1623
TIFIO,PETER,1624
TIMMERMAN,DIRK,1625
TINO,P.,1626
TIPPING,MICHAEL E.,1627
TISHBY,NAFTALI,1628
TITTERINGTON,D.M.,1629
TODD,TOM N.,1630
TODOROV,EMANUAL V.,1631
TODOROV,EMANUEL,1631
TOKAR,ROBERT L.,1632
TOLLE,H.,1633
TOMBOULIAN,SHERRYL,1634
TOMBS,JON,1635
TONG,HUI,1636
TONKES,BRADLEY,1637
TOOMARIAN,N.,1638
TOOMARIAN,NIKZAD,1638
TORKKOLA,KARI,1639
TOURETZKY,D.S.,1640
TOURETZKY,DAVID,1640
TOURETZKY,DAVID S.,1640
TOWELL,G.,1641
TOWELL,GEOFFREY,1641
TOWNSEND,JEANNE,1642
TRAPLETTI,ADRIAN,1643
TRENTIN,EDMONDO,1644
TRESP,V.,1645
TRESP,VOLKER,1645
TROTMAN,DAVID L.,1646
TROYANSKY,LIDROR,1647
TROYER,TODD,1648
TSAI,KENNETH Y.,1649
TSENG,HUNG-LI,1650
TSIOUTSIAS,O.I.,1651
TSIRUKIS,ATHANASIOS G.,1652
TSITSIKLIS,J.N.,1653
TSITSIKLIS,JOHN N.,1653
TSIVIDIS,YANNIS,1654
TSOI,A.C.,1655
TSOI,AH CHUNG,1655
TSUNG,FU-SHENG,1656
TUMER,KAGAN,1657
TUNLEY,HILARY,1658
TUNNON,MICHAEL,1659
TURIEL,ANTONIO,1660
TURNER,KAGAN,1661
TZONEV,SVILEN,1662
UEDA,NAONORI,1663
UHLEY,JOHN D.,1664
ULLMAN,SHIMON,1665
UNO,YOJI,1666
USHER,MARIUS,1667
UTANS,JOACHIM,1668
UTGOFF,PAUL,1669
UYAR,HASAN S.,1670
VAADIA,EILON,1671
VAINA,LUCIA M.,1672
VAITHYANATHAN,SHIVAKUMAR,1673
VAN DEN BOUT,DAVID,1674
VAN DEN BOUT,DAVID E.,1674
VAN DER SPIEGEL,J.,1675
VAN DER SPIEGEL,JAN,1675
VAN HEMMEN,J. LEO,1676
VAN HEMMEN,J.L.,1676
VAN SCHAIK,A.,1677
VAN-DEN-BLEEK,COR M.,1678
VAN-DEN-BOSCH,ANTAL,1679
VAN-DER-MERWE,RUDOLPH,1680
VAN-ROY,BENJAMIN,1681
VAN-SCHAIK,ANDRE,1682
VAN-SCHAIK,ANDRFI,1682
VANDEWALLE,JOOS,1683
VAPNIK,V.,1684
VAPNIK,VLADIMIR,1684
VAPNIK,VLADIMIR N.,1684
VARANASI,MAHESH,1685
VASCONCELOS,NUNO,1686
VATIKIOTIS-BATESON,ERIC,1687
VECCHI,MARIO P.,1688
VEDELSBY,JESPER,1689
VELOSO,M.,1690
VENKATESH,SANTOSH,1691
VENKATESH,SANTOSH S.,1691
VENTURINI,RITA,1692
VERRELST,HERMAN,1693
VIBERT,JEAN-FRANQOIS,1694
VICENTE,RENATO,1695
VICTORRI,BERNARD,1696
VIDAL,JACQUES,1697
VIDAL,JACQUES J.,1697
VIDMAR,LUCKY,1698
VIGARIO,RICARDO,1699
VIJAYAHUNAR,SETHU,1700
VINJE,WILLIAM E.,1701
VIOLA,P.A.,1702
VIOLA,PAUL,1702
VIOLA,PAUL A.,1702
VITTOZ,E.,1703
VITTOZ,ERIC,1703
VIVARELLI,FRANCESCO,1704
VOGL,THOMAS P.,1705
VON-ZUR-MUHLEN,ALEXANDER,1706
VOVK,VOLODYA,1707
VU,VAN H.,1708
WADA,YASUHIRO,1709
WAGNER,H.,1710
WAHBA,GRACE,1711
WAIBEL,ALEX,1712
WAINWRIGHT,MARTIN J.,1713
WALKER,M.R.,1714
WALKER,MARILYN,1714
WALTER,J.,1715
WALTON,LANCE C.,1716
WALTZ,DAVID L.,1717
WAN,ERIC A.,1718
WAN,ERNEST,1718
WANG,CHANGFENG,1719
WANG,DELIANG,1719
WANG,DELIANG L.,1719
WANG,H.,1719
WANG,R.J.,1719
WANG,RAYMOND J.W.,1719
WANG,X.,1719
WANG,XIN,1719
WANG,YUEDONG,1719
WARD,DAVID G.,1720
WARLAND,DAVID,1721
WARMUTH,M.K.,1722
WARMUTH,MANFRED K.,1722
WASKIEWICZ,JAMES,1723
WATANABE,ALDRA,1724
WATANABE,SUMIO,1724
WATANABE,TAKAHIRO,1724
WATANABE,TAKAO,1724
WATERHOUSE,S.R.,1725
WATERHOUSE,STEVE,1725
WATKINS,C.J.C.H.,1726
WATKINS,STEVEN S.,1726
WATROUS,RAYMOND L.,1727
WATTENBERG,M.,1728
WATTS,LLOYD,1729
WAUGH,F.R.,1730
WAWRZYNEK,J.,1731
WAWRZYNEK,JOHN,1731
WAXMAN,ALLEN M.,1732
WEBB,ANDREW R.,1733
WEBB,BRANDYN,1733
WEBER,E,1734
WECHSLER,HARRY,1735
WEIGEND,ANDREAS,1736
WEIGEND,ANDREAS S.,1736
WEIJTERS,TON,1737
WEINSHALL,DAPHNA,1738
WEISEND,MICHAEL P.,1739
WEISS,YAIR,1740
WEISS,YAK,1740
WEISSMAN,H.,1741
WEJCHERT,JAKUB,1742
WELLEKENS,C.J.,1743
WENNAN,MICHAEL,1744
WERBLIN,FRANK,1745
WESSEL,RALF,1746
WEST,A.H.L.,1747
WEST,ANSGAR H.L.,1747
WESTERFIELD,MARISSA,1748
WESTERVELT,R. M.,1749
WESTERVELT,R.M.,1749
WESTON,JASON,1750
WETTSCHERECK,DIETRICH,1751
WHEELER,DEIRDRE,1752
WHEELER,DEIRDRE W.,1752
WHEELER,KEVIN R.,1752
WHITE,HALBERT,1753
WHITE,MARK,1753
WHITNEY,ERICH,1754
WIEGERINCK,WIM,1755
WIKLICKY,HERBERT,1756
WILCZEK,FRANK,1757
WILES,JANET,1758
WILKE,STEFAN D.,1759
WILKINSON,TIMOTHY S.,1760
WILLETT,DANIEL,1761
WILLIAMS,C.K.I.,1762
WILLIAMS,CHRISTOPHE K. I.,1762
WILLIAMS,CHRISTOPHER,1762
WILLIAMS,CHRISTOPHER K. I.,1762
WILLIAMS,CHRISTOPHER K.I.,1762
WILLIAMS,JOHN K.,1762
WILLIAMS,LANCE R.,1762
WILLIAMS,PETER M.,1762
WILLIAMS,RONALD J.,1762
WILLIAMS,RUTH J.,1762
WILLIAMSON,JAMES R.,1763
WILLIAMSON,MATTHEW M.,1763
WILLIAMSON,R.C.,1763
WILLIAMSON,ROBERT,1763
WILLIAMSON,ROBERT C.,1763
WILLSHAW,D.J.,1764
WILLSHAW,DAVID,1764
WILSON,MATTHEW A.,1765
WILSON,RICHARD C.,1765
WINDECKER,RICHARD C.,1766
WINDSOR,COLIN G.,1767
WINTER,C.L.,1768
WINTHER,OLE,1769
WISEMAN,S.,1770
WITTNER,BEN S.,1771
WOLD,BARBARA,1772
WOLF,FRED,1773
WOLF,RALPH,1773
WOLFF,GREGORY J.,1774
WOLNIEWICZ,RICHARD,1775
WOLPERT,DANIEL M.,1776
WOLPERT,DAVID,1776
WOLPERT,DAVID H.,1776
WONG,K.Y. MICHAEL,1777
WONG,YIU-FAI,1777
WOOTERS,CHUCK,1778
WOSZCZYNA,MONIKA,1779
WU,CHUAN-LIN,1780
WU,JIAN,1780
WU,L.,1780
WU,LANCE,1780
WU,LIZHONG,1780
WU,SI,1780
WULFF,N.H.,1781
WYATT,J. L.,1782
WYATT,JOHN L.,1782
WYNNE-JONES,MIKE,1783
XIANG,DONG,1784
XIE,XIAOHUI,1785
XIE,Y.,1785
XIONG,YUANSHENG,1786
XU,L.,1787
XU,LEI,1787
XU,T.,1787
YAEGER,LARRY,1788
YAIR,EYAL,1789
YAMADA,K.,1790
YAMADA,SATOSHI,1790
YAMARIA,SATOSHI,1791
YAMASHITA,T.,1792
YAMASHITA,TAKEO,1792
YANG,H.,1793
YANG,HOWARD H.,1793
YANG,MING-HSUAN,1793
YANG,ZHIYONG,1793
YARIV,AMNON,1794
YARVIN,NORMAN,1795
YASUI,S.,1796
YEN,SHIH-CHENG,1797
YESHURUN,YECHEZKEL,1798
YEUNG,D.,1799
YEUNG,DIT-YAN,1799
YOKOSAWA,KAZUHIKO,1800
YOON,HYOUNGSOO,1801
YOSHIZAWA,SHUJI,1802
YOUNG,ERIC D.,1803
YU,S.,1804
YU,STELLA X.,1804
YUAN,JEN-LUN,1805
YUHAS,B.,1806
YUHAS,B.P.,1806
YUILLE,A.L.,1807
YUILLE,ALAN,1807
YUILLE,ALAN L.,1807
ZAAGMAN,W. H.,1808
ZADOR,A.,1809
ZADOR,ANTHONY,1809
ZADOR,ANTHONY M.,1809
ZAHALKA,ABIR,1810
ZAK,MICHAIL,1811
ZAVALIAGKOS,G.,1812
ZAVALIAGKOS,GEORGE,1812
ZECCHINA,R.,1813
ZEE,AO,1814
ZEEVI,ASSAF J.,1815
ZEGER,KENNETH,1816
ZEITLHOFER,JOSEF,1817
ZEITOUNI,OFER,1818
ZELINSKY,G.J.,1819
ZEMEL,RICHARD,1820
ZEMEL,RICHARD S.,1820
ZEPPENFELD,TORSTEN,1821
ZHANG,JUN,1822
ZHANG,KECHEN,1822
ZHANG,L.Q.,1822
ZHANG,LIQING,1822
ZHANG,NEVIN L.,1822
ZHANG,TONG,1822
ZHANG,W.,1822
ZHANG,XIRU,1822
ZHAO,J.,1823
ZHAO,Y.,1823
ZHAO,YING,1823
ZHOU,PING,1824
ZIBULEVSKY,MICHAEL,1825
ZIEHE,ANDREAS,1826
ZIHL,JOSEF,1827
ZILBERSTEIN,SHLOMO,1828
ZIMMERMAN,GEORGE LEE,1829
ZIMMERMANN,H. G.,1830
ZIMMERMANN,HANS GEORG,1830
ZIPSER,DAVID,1831
ZLOCHIN,MARK,1832
ZOHARY,E.,1833
ZUE,VICTOR,1834
ZUE,VICTOR W.,1834
